loss,mae,val_loss,val_mae
163.5397491455078,7.682053089141846,207.5218048095703,8.369369506835938
106.56718444824219,6.4904093742370605,147.05076599121094,7.423094272613525
93.2690200805664,6.144946098327637,221.7641143798828,8.422760009765625
89.6221694946289,6.002023696899414,143.06756591796875,7.146857738494873
87.82655334472656,5.939814567565918,160.2789306640625,7.818111896514893
84.61480712890625,5.914168357849121,138.21160888671875,7.025395393371582
82.62003326416016,5.85146951675415,167.85377502441406,8.191356658935547
84.05599212646484,5.882192134857178,147.41741943359375,7.201359272003174
81.3353500366211,5.828708648681641,148.4678955078125,7.254006385803223
83.09800720214844,5.865078926086426,156.98760986328125,7.393481731414795
81.4029541015625,5.810333251953125,140.62884521484375,6.978662490844727
80.08787536621094,5.7865214347839355,135.4820098876953,6.978864669799805
81.59609985351562,5.782619953155518,149.19827270507812,7.386205196380615
80.50625610351562,5.800164699554443,134.82974243164062,6.964271068572998
79.73808288574219,5.757833480834961,138.25946044921875,7.1206889152526855
78.49383544921875,5.754518985748291,145.4772186279297,7.177271366119385
78.71572875976562,5.745263576507568,135.7315673828125,6.999293804168701
77.24933624267578,5.734374523162842,145.58396911621094,6.906265735626221
77.80921173095703,5.722999572753906,137.6147918701172,6.989620208740234
77.64332580566406,5.7344183921813965,131.65196228027344,6.9417724609375
76.8619155883789,5.7010040283203125,127.01573181152344,6.830956935882568
76.08184814453125,5.705855846405029,158.61050415039062,7.898955345153809
76.20570373535156,5.688478946685791,141.37818908691406,7.083137035369873
75.41141510009766,5.6852192878723145,134.44088745117188,6.94908332824707
74.86817932128906,5.6713666915893555,140.77880859375,7.117738723754883
74.5621337890625,5.677892208099365,141.39871215820312,7.101816654205322
73.29500579833984,5.646158695220947,137.16285705566406,7.127673149108887
74.85514831542969,5.682580471038818,130.6632843017578,6.964049816131592
74.03150939941406,5.658443927764893,144.90957641601562,7.143826484680176
73.4702377319336,5.646434783935547,131.3307647705078,7.02000093460083
72.70037841796875,5.638865947723389,124.65130615234375,6.7220964431762695
73.42129516601562,5.656890869140625,129.71945190429688,6.892951011657715
73.08627319335938,5.655381202697754,142.0478973388672,7.138882160186768
72.38651275634766,5.63270378112793,134.68826293945312,7.023101329803467
72.4874038696289,5.632498264312744,137.4150390625,7.038395881652832
73.65491485595703,5.645906925201416,146.52560424804688,7.284488201141357
73.89710998535156,5.660240173339844,138.3195037841797,6.962136745452881
72.14680480957031,5.6323113441467285,132.73313903808594,6.911419868469238
71.6337661743164,5.629858493804932,146.0332489013672,7.407590389251709
71.61316680908203,5.630882740020752,132.3685302734375,7.079668998718262
71.17406463623047,5.6128644943237305,136.00559997558594,6.911368370056152
71.54222106933594,5.619772911071777,150.99501037597656,7.222273349761963
71.04532623291016,5.606574058532715,142.41954040527344,7.185084342956543
69.69497680664062,5.586596488952637,130.2215118408203,6.9619646072387695
71.82196807861328,5.628895282745361,133.08056640625,6.9915947914123535
69.96762084960938,5.587044715881348,138.42474365234375,7.16378116607666
69.56753540039062,5.590478897094727,143.12013244628906,7.266845703125
70.10877227783203,5.597728252410889,137.0888671875,7.038512706756592
70.17720794677734,5.605051517486572,139.3564453125,7.304055213928223
70.33321380615234,5.598888397216797,138.6396484375,7.109275817871094
70.0525131225586,5.598995208740234,133.6408233642578,6.926926612854004
70.78984069824219,5.6086039543151855,140.20118713378906,7.064334392547607
69.61157989501953,5.587795257568359,131.61041259765625,7.024909496307373
68.58547973632812,5.57349157333374,135.99790954589844,7.105723857879639
68.6170883178711,5.567106246948242,141.0325927734375,7.0983099937438965
68.64137268066406,5.563056945800781,145.1221923828125,7.190144062042236
