timestamp_utc,nn_type,input_len_hours,forecast_horizon_hours,target,dataset,true_class_threshold_nt,pred_class_threshold_nt,ACC,MCC,classification_report,MAE_model,MSE_model,MAE_persistence,MSE_persistence,MAE_improvement_pct,MSE_improvement_pct
2026-03-02T18:11:02,LSTM,6.0,1.0,DST+1,OMNI2_all,-20.0,-18.2,0.9594887560313708,0.87950417818794,"{""text"": ""              precision    recall  f1-score   support\n\n           0     0.9697    0.9789    0.9743    152058\n           1     0.9210    0.8896    0.9050     42135\n\n    accuracy                         0.9595    194193\n   macro avg     0.9453    0.9342    0.9396    194193\nweighted avg     0.9591    0.9595    0.9592    194193\n""}",2.560402855553149,16.956150563958076,2.5679607400884685,16.320413197180123,0.2943146449761786,-3.895350927069645
2026-03-02T18:11:02,LSTM+GP,6.0,1.0,DST+1,OMNI2_all,-20.0,-18.2,0.9578563593950348,0.8819238845856244,"{""text"": ""              precision    recall  f1-score   support\n\n           0     0.9865    0.9593    0.9727    152058\n           1     0.8665    0.9525    0.9075     42135\n\n    accuracy                         0.9579    194193\n   macro avg     0.9265    0.9559    0.9401    194193\nweighted avg     0.9604    0.9579    0.9586    194193\n""}",2.23198061113421,15.13409061990284,2.5679607400884685,16.320413197180123,13.083538377720048,7.268949400633176
2026-04-06T10:57:58,LSTM,12.0,1.0,DST+1,OMNI2_all,-20.0,-18.1,0.9592145715212655,0.8792734231506691,"{""text"": ""              precision    recall  f1-score   support\n\n           0     0.9717    0.9763    0.9740    152055\n           1     0.9131    0.8975    0.9052     42132\n\n    accuracy                         0.9592    194187\n   macro avg     0.9424    0.9369    0.9396    194187\nweighted avg     0.9590    0.9592    0.9591    194187\n""}",2.4855647868522786,15.268311419942656,2.5679834386441933,16.320737227517807,3.2094697555926985,6.448396251369662
2026-04-06T10:57:58,LSTM+GP,12.0,1.0,DST+1,OMNI2_all,-20.0,-18.1,0.9551154299721404,0.8740031953161952,"{""text"": ""              precision    recall  f1-score   support\n\n           0     0.9845    0.9578    0.9709    152055\n           1     0.8612    0.9455    0.9014     42132\n\n    accuracy                         0.9551    194187\n   macro avg     0.9229    0.9516    0.9362    194187\nweighted avg     0.9577    0.9551    0.9559    194187\n""}",2.287106295227759,13.888328788967012,2.5679834386441933,16.320737227517807,10.937654004681882,14.903790218799664
2026-04-06T11:00:09,LSTM,18.0,1.0,DST+1,OMNI2_all,-20.0,-19.3,0.959125764106684,0.8790970953132607,"{""text"": ""              precision    recall  f1-score   support\n\n           0     0.9720    0.9760    0.9740    152050\n           1     0.9119    0.8984    0.9051     42131\n\n    accuracy                         0.9591    194181\n   macro avg     0.9419    0.9372    0.9395    194181\nweighted avg     0.9589    0.9591    0.9590    194181\n""}",2.3948608418736064,14.245052930945842,2.567970089761614,16.320911932681366,6.741092841314107,12.719013559400292
2026-04-06T11:00:10,LSTM+GP,18.0,1.0,DST+1,OMNI2_all,-20.0,-19.3,0.9585180836436108,0.878223241201045,"{""text"": ""              precision    recall  f1-score   support\n\n           0     0.9744    0.9726    0.9735    152050\n           1     0.9017    0.9078    0.9047     42131\n\n    accuracy                         0.9585    194181\n   macro avg     0.9380    0.9402    0.9391    194181\nweighted avg     0.9586    0.9585    0.9586    194181\n""}",2.304803706627016,13.18161999880788,2.567970089761614,16.320911932681366,10.248031477618518,19.234782632380348
2026-04-06T11:05:20,LSTM,24.0,1.0,DST+1,OMNI2_all,-20.0,-18.9,0.9585374018282478,0.8757993897302833,"{""text"": ""              precision    recall  f1-score   support\n\n           0     0.9649    0.9827    0.9738    152044\n           1     0.9333    0.8712    0.9012     42131\n\n    accuracy                         0.9585    194175\n   macro avg     0.9491    0.9270    0.9375    194175\nweighted avg     0.9581    0.9585    0.9580    194175\n""}",2.519678596897185,17.350924898149792,2.5679927900090127,16.321215398480753,1.8813990950363324,-6.309024631614681
2026-04-06T11:05:20,LSTM+GP,24.0,1.0,DST+1,OMNI2_all,-20.0,-18.9,0.9593150508561864,0.882055661487555,"{""text"": ""              precision    recall  f1-score   support\n\n           0     0.9789    0.9690    0.9739    152044\n           1     0.8920    0.9245    0.9079     42131\n\n    accuracy                         0.9593    194175\n   macro avg     0.9354    0.9467    0.9409    194175\nweighted avg     0.9600    0.9593    0.9596    194175\n""}",2.3667763473268013,15.921939680008297,2.5679927900090127,16.321215398480753,7.835553256421145,2.4463602049491
2026-04-06T11:07:27,LSTM,30.0,1.0,DST+1,OMNI2_all,-20.0,-18.7,0.959365295181002,0.8798390231757468,"{""text"": ""              precision    recall  f1-score   support\n\n           0     0.9722    0.9760    0.9741    152040\n           1     0.9121    0.8994    0.9057     42129\n\n    accuracy                         0.9594    194169\n   macro avg     0.9422    0.9377    0.9399    194169\nweighted avg     0.9592    0.9594    0.9593    194169\n""}",2.4518333150401284,15.038789291569318,2.567917638757989,16.320535203868793,4.52056257435136,7.853577693920462
2026-04-06T11:07:27,LSTM+GP,30.0,1.0,DST+1,OMNI2_all,-20.0,-18.7,0.9579850542568588,0.8789708747092366,"{""text"": ""              precision    recall  f1-score   support\n\n           0     0.9798    0.9663    0.9730    152040\n           1     0.8840    0.9281    0.9055     42129\n\n    accuracy                         0.9580    194169\n   macro avg     0.9319    0.9472    0.9393    194169\nweighted avg     0.9590    0.9580    0.9584    194169\n""}",2.2858467500705086,16.135868503146867,2.567917638757989,16.320535203868793,10.984421167958809,1.1314990496031732
2026-04-06T11:08:26,LSTM,36.0,1.0,DST+1,OMNI2_all,-20.0,-18.4,0.9578446974964334,0.8738964502563596,"{""text"": ""              precision    recall  f1-score   support\n\n           0     0.9656    0.9811    0.9733    152039\n           1     0.9277    0.8738    0.8999     42124\n\n    accuracy                         0.9578    194163\n   macro avg     0.9466    0.9275    0.9366    194163\nweighted avg     0.9574    0.9578    0.9574    194163\n""}",2.609820417282623,18.552557999334773,2.5675386144631056,16.311691722933823,-1.6467835218267606,-13.737791974393126
2026-04-06T11:08:26,LSTM+GP,36.0,1.0,DST+1,OMNI2_all,-20.0,-18.4,0.9607185715095048,0.8888636249185455,"{""text"": ""              precision    recall  f1-score   support\n\n           0     0.9860    0.9636    0.9746    152039\n           1     0.8784    0.9505    0.9130     42124\n\n    accuracy                         0.9607    194163\n   macro avg     0.9322    0.9570    0.9438    194163\nweighted avg     0.9626    0.9607    0.9613    194163\n""}",2.293166890669088,15.847276796621175,2.5675386144631056,16.311691722933823,10.68617711330474,2.847129127996517
2026-04-06T11:46:37,LSTM,12.0,2.0,DST+2,OMNI2_all,-20.0,-19.0,0.9318072971650744,0.7944046743459765,"{""text"": ""              precision    recall  f1-score   support\n\n           0     0.9465    0.9676    0.9569    152054\n           1     0.8728    0.8026    0.8363     42131\n\n    accuracy                         0.9318    194185\n   macro avg     0.9097    0.8851    0.8966    194185\nweighted avg     0.9305    0.9318    0.9308    194185\n""}",4.01706521713978,42.19202195140977,4.2115353915080975,43.25601359528285,4.617560017670435,2.459754275620792
2026-04-06T11:46:37,LSTM+GP,12.0,2.0,DST+2,OMNI2_all,-20.0,-19.0,0.9336251512732704,0.8053312324787492,"{""text"": ""              precision    recall  f1-score   support\n\n           0     0.9588    0.9563    0.9576    152054\n           1     0.8438    0.8517    0.8478     42131\n\n    accuracy                         0.9336    194185\n   macro avg     0.9013    0.9040    0.9027    194185\nweighted avg     0.9339    0.9336    0.9337    194185\n""}",3.9312420791881855,38.08181980570743,4.2115353915080975,43.25601359528285,6.65537117140411,11.961790649473242
2026-04-06T11:51:02,LSTM,6.0,2.0,DST+2,OMNI2_all,-20.0,-18.7,0.9315004299890314,0.7927052169289265,"{""text"": ""              precision    recall  f1-score   support\n\n           0     0.9443    0.9697    0.9568    152058\n           1     0.8790    0.7936    0.8341     42133\n\n    accuracy                         0.9315    194191\n   macro avg     0.9116    0.8816    0.8955    194191\nweighted avg     0.9301    0.9315    0.9302    194191\n""}",4.015659796430705,39.081112492279466,4.2115288556112285,43.25539803595429,4.650782789237159,9.650322811051517
2026-04-06T11:51:02,LSTM+GP,6.0,2.0,DST+2,OMNI2_all,-20.0,-18.7,0.9314334855889304,0.800616277171626,"{""text"": ""              precision    recall  f1-score   support\n\n           0     0.9602    0.9519    0.9560    152058\n           1     0.8316    0.8576    0.8444     42133\n\n    accuracy                         0.9314    194191\n   macro avg     0.8959    0.9048    0.9002    194191\nweighted avg     0.9323    0.9314    0.9318    194191\n""}",3.8861647140467386,40.09906683623732,4.2115288556112285,43.25539803595429,7.725558881805859,7.2969648715136115
2026-04-06T13:22:17,LSTM,42.0,1.0,DST+1,OMNI2_all,-20.0,-19.3,0.9593370313715188,0.8792105070220618,"{""text"": ""              precision    recall  f1-score   support\n\n           0     0.9703    0.9780    0.9741    152039\n           1     0.9182    0.8920    0.9049     42118\n\n    accuracy                         0.9593    194157\n   macro avg     0.9443    0.9350    0.9395    194157\nweighted avg     0.9590    0.9593    0.9591    194157\n""}",2.425318019739322,16.247672177183507,2.5658307452216507,16.186817884495536,5.476305315305993,-0.375949696365335
2026-04-06T13:22:17,LSTM+GP,42.0,1.0,DST+1,OMNI2_all,-20.0,-19.3,0.961814407927605,0.8884011335933896,"{""text"": ""              precision    recall  f1-score   support\n\n           0     0.9780    0.9731    0.9756    152039\n           1     0.9046    0.9211    0.9128     42118\n\n    accuracy                         0.9618    194157\n   macro avg     0.9413    0.9471    0.9442    194157\nweighted avg     0.9621    0.9618    0.9619    194157\n""}",2.315555397661272,16.130206893728992,2.5658307452216507,16.186817884495536,9.754164339423674,0.3497351435625163
2026-04-06T13:22:52,LSTM,48.0,1.0,DST+1,OMNI2_all,-20.0,-17.5,0.9596499631729942,0.8798636549622744,"{""text"": ""              precision    recall  f1-score   support\n\n           0     0.9694    0.9794    0.9744    152039\n           1     0.9226    0.8885    0.9052     42112\n\n    accuracy                         0.9596    194151\n   macro avg     0.9460    0.9339    0.9398    194151\nweighted avg     0.9593    0.9596    0.9594    194151\n""}",2.7187117046755547,16.21676615463366,2.565194101498318,16.158170702185412,-5.984638865634674,-0.3626366717386087
2026-04-06T13:22:52,LSTM+GP,48.0,1.0,DST+1,OMNI2_all,-20.0,-17.5,0.9490087612219354,0.8616070075994432,"{""text"": ""              precision    recall  f1-score   support\n\n           0     0.9883    0.9460    0.9667    152039\n           1     0.8313    0.9597    0.8909     42112\n\n    accuracy                         0.9490    194151\n   macro avg     0.9098    0.9529    0.9288    194151\nweighted avg     0.9543    0.9490    0.9503    194151\n""}",2.2468180555266053,13.00351715292178,2.565194101498318,16.158170702185412,12.41138227262221,19.523581025400112
2026-04-06T13:50:14,LSTM,30.0,2.0,DST+2,OMNI2_all,-20.0,-18.0,0.93202243429625,0.7952240031068709,"{""text"": ""              precision    recall  f1-score   support\n\n           0     0.9470    0.9673    0.9571    152039\n           1     0.8720    0.8048    0.8371     42128\n\n    accuracy                         0.9320    194167\n   macro avg     0.9095    0.8860    0.8971    194167\nweighted avg     0.9308    0.9320    0.9310    194167\n""}",4.066505698991016,41.66044835771667,4.211359293803787,43.25362703239995,3.439592414399204,3.683341222436397
2026-04-06T13:50:14,LSTM+GP,30.0,2.0,DST+2,OMNI2_all,-20.0,-18.0,0.9308584877965874,0.8034572490836825,"{""text"": ""              precision    recall  f1-score   support\n\n           0     0.9665    0.9444    0.9553    152039\n           1     0.8147    0.8819    0.8470     42128\n\n    accuracy                         0.9309    194167\n   macro avg     0.8906    0.9132    0.9012    194167\nweighted avg     0.9336    0.9309    0.9318    194167\n""}",3.852003152510217,38.63202518757372,4.211359293803787,43.25362703239995,8.533020248884826,10.684888555968572
2026-04-06T13:52:13,LSTM,24.0,2.0,DST+2,OMNI2_all,-20.0,-19.4,0.931571330720543,0.7919666092994686,"{""text"": ""              precision    recall  f1-score   support\n\n           0     0.9414    0.9732    0.9570    152042\n           1     0.8898    0.7814    0.8321     42131\n\n    accuracy                         0.9316    194173\n   macro avg     0.9156    0.8773    0.8946    194173\nweighted avg     0.9302    0.9316    0.9299    194173\n""}",3.954541368996346,39.92169776906973,4.211589664886467,43.25764653170111,6.1033556529313575,7.7118128934422066
2026-04-06T13:52:13,LSTM+GP,24.0,2.0,DST+2,OMNI2_all,-20.0,-19.4,0.9363402738794786,0.8112848419671459,"{""text"": ""              precision    recall  f1-score   support\n\n           0     0.9567    0.9623    0.9595    152042\n           1     0.8609    0.8427    0.8517     42131\n\n    accuracy                         0.9363    194173\n   macro avg     0.9088    0.9025    0.9056    194173\nweighted avg     0.9359    0.9363    0.9361    194173\n""}",3.888509401446663,38.821245028349686,4.211589664886467,43.25764653170111,7.671218925562473,10.255762527672964
2026-04-06T13:52:16,LSTM,18.0,2.0,DST+2,OMNI2_all,-20.0,-19.2,0.9321193331925698,0.7949028880202478,"{""text"": ""              precision    recall  f1-score   support\n\n           0     0.9455    0.9692    0.9572    152048\n           1     0.8776    0.7985    0.8362     42131\n\n    accuracy                         0.9321    194179\n   macro avg     0.9116    0.8838    0.8967    194179\nweighted avg     0.9308    0.9321    0.9309    194179\n""}",3.9645287101533726,38.88178731191079,4.211526478146452,43.25649014569032,5.864803872770298,10.113402217899038
2026-04-06T13:52:16,LSTM+GP,18.0,2.0,DST+2,OMNI2_all,-20.0,-19.2,0.932206881279644,0.7997986010400677,"{""text"": ""              precision    recall  f1-score   support\n\n           0     0.9555    0.9581    0.9568    152048\n           1     0.8471    0.8389    0.8430     42131\n\n    accuracy                         0.9322    194179\n   macro avg     0.9013    0.8985    0.8999    194179\nweighted avg     0.9320    0.9322    0.9321    194179\n""}",3.869560880925893,37.519622540312014,4.211526478146452,43.25649014569032,8.119754179274752,13.262443591831437
2026-04-06T13:54:40,LSTM,36.0,2.0,DST+2,OMNI2_all,-20.0,-20.5,0.9320048825459284,0.7931091131124405,"{""text"": ""              precision    recall  f1-score   support\n\n           0     0.9411    0.9742    0.9573    152039\n           1     0.8933    0.7797    0.8327     42122\n\n    accuracy                         0.9320    194161\n   macro avg     0.9172    0.8770    0.8950    194161\nweighted avg     0.9307    0.9320    0.9303    194161\n""}",3.933994793571521,38.50737351739448,4.210196692435659,43.16182961562826,6.560308675373334,10.783732153347987
2026-04-06T13:54:40,LSTM+GP,36.0,2.0,DST+2,OMNI2_all,-20.0,-20.5,0.9345182606187648,0.8020996904989235,"{""text"": ""              precision    recall  f1-score   support\n\n           0     0.9467    0.9710    0.9587    152039\n           1     0.8847    0.8028    0.8418     42122\n\n    accuracy                         0.9345    194161\n   macro avg     0.9157    0.8869    0.9002    194161\nweighted avg     0.9333    0.9345    0.9333    194161\n""}",3.875907572342157,37.4972016512906,4.210196692435659,43.16182961562826,7.939988188535458,13.124160895826783
2026-04-06T14:11:20,LSTM,6.0,3.0,DST+3,OMNI2_all,-20.0,-18.4,0.9143669311855976,0.7409555251284065,"{""text"": ""              precision    recall  f1-score   support\n\n           0     0.9347    0.9575    0.9460    152057\n           1     0.8318    0.7587    0.7936     42132\n\n    accuracy                         0.9144    194189\n   macro avg     0.8833    0.8581    0.8698    194189\nweighted avg     0.9124    0.9144    0.9129    194189\n""}",4.982792092325966,60.71299748673955,5.299620472838317,68.9591068495126,5.978322072989255,11.957970077495752
2026-04-06T14:11:21,LSTM+GP,6.0,3.0,DST+3,OMNI2_all,-20.0,-18.4,0.9122246883191116,0.7461458791824915,"{""text"": ""              precision    recall  f1-score   support\n\n           0     0.9496    0.9377    0.9436    152057\n           1     0.7848    0.8204    0.8022     42132\n\n    accuracy                         0.9122    194189\n   macro avg     0.8672    0.8790    0.8729    194189\nweighted avg     0.9138    0.9122    0.9129    194189\n""}",4.917243560686316,59.2319216491268,5.299620472838317,68.9591068495126,7.21517539061078,14.105729677754011
2026-04-06T14:18:05,LSTM,12.0,3.0,DST+3,OMNI2_all,-20.0,-21.0,0.9141840428873794,0.7359320510277426,"{""text"": ""              precision    recall  f1-score   support\n\n           0     0.9254    0.9685    0.9464    152052\n           1     0.8632    0.7183    0.7841     42131\n\n    accuracy                         0.9142    194183\n   macro avg     0.8943    0.8434    0.8653    194183\nweighted avg     0.9119    0.9142    0.9112    194183\n""}",5.005610452112663,62.9438360661771,5.299650329843498,68.96038273175304,5.548288272436239,8.72464221809721
2026-04-06T14:18:06,LSTM+GP,12.0,3.0,DST+3,OMNI2_all,-20.0,-21.0,0.91632635194636,0.743429010332129,"{""text"": ""              precision    recall  f1-score   support\n\n           0     0.9287    0.9674    0.9477    152052\n           1     0.8616    0.7320    0.7915     42131\n\n    accuracy                         0.9163    194183\n   macro avg     0.8951    0.8497    0.8696    194183\nweighted avg     0.9141    0.9163    0.9138    194183\n""}",4.995047245989454,61.494567197473046,5.299650329843498,68.96038273175304,5.747607198511887,10.826238542383171
2026-04-06T14:23:07,LSTM,42.0,2.0,DST+2,OMNI2_all,-20.0,-19.2,0.930673946074013,0.7893632363731122,"{""text"": ""              precision    recall  f1-score   support\n\n           0     0.9415    0.9718    0.9564    152039\n           1     0.8849    0.7821    0.8304     42116\n\n    accuracy                         0.9307    194155\n   macro avg     0.9132    0.8770    0.8934    194155\nweighted avg     0.9292    0.9307    0.9291    194155\n""}",4.066906083657824,42.22868146834384,4.207385851510392,42.80347660374443,3.33888482802539,1.342870208235163
2026-04-06T14:23:07,LSTM+GP,42.0,2.0,DST+2,OMNI2_all,-20.0,-19.2,0.9352939661610568,0.8095324466076688,"{""text"": ""              precision    recall  f1-score   support\n\n           0     0.9587    0.9587    0.9587    152039\n           1     0.8509    0.8508    0.8508     42116\n\n    accuracy                         0.9353    194155\n   macro avg     0.9048    0.9048    0.9048    194155\nweighted avg     0.9353    0.9353    0.9353    194155\n""}",3.96669994386824,41.10783278594458,4.207385851510392,42.80347660374443,5.720557042700242,3.961462835127541
2026-04-06T14:30:06,LSTM,48.0,2.0,DST+2,OMNI2_all,-20.0,-18.5,0.9322788167850464,0.7967120256086719,"{""text"": ""              precision    recall  f1-score   support\n\n           0     0.9490    0.9654    0.9571    152039\n           1     0.8667    0.8127    0.8389     42110\n\n    accuracy                         0.9323    194149\n   macro avg     0.9079    0.8891    0.8980    194149\nweighted avg     0.9312    0.9323    0.9315    194149\n""}",3.940372375417475,38.13889271474565,4.205625576232687,42.65214860751279,6.307104520056214,10.581544049042735
2026-04-06T14:30:07,LSTM+GP,48.0,2.0,DST+2,OMNI2_all,-20.0,-18.5,0.9311353651061812,0.8013154378884446,"{""text"": ""              precision    recall  f1-score   support\n\n           0     0.9625    0.9490    0.9557    152039\n           1     0.8248    0.8665    0.8452     42110\n\n    accuracy                         0.9311    194149\n   macro avg     0.8937    0.9078    0.9004    194149\nweighted avg     0.9326    0.9311    0.9317    194149\n""}",3.82473411575022,35.77437952015759,4.205625576232687,42.65214860751279,9.056713527590386,16.125258191902066
2026-04-06T14:48:20,LSTM,30.0,3.0,DST+3,OMNI2_all,-20.0,-18.4,0.9157417660237428,0.7431184536529862,"{""text"": ""              precision    recall  f1-score   support\n\n           0     0.9317    0.9629    0.9471    152039\n           1     0.8478    0.7454    0.7933     42126\n\n    accuracy                         0.9157    194165\n   macro avg     0.8898    0.8542    0.8702    194165\nweighted avg     0.9135    0.9157    0.9137    194165\n""}",4.960316362169212,62.74921514921176,5.299255787603327,68.95083047923158,6.395981606077675,8.9942576281047
2026-04-06T14:48:20,LSTM+GP,30.0,3.0,DST+3,OMNI2_all,-20.0,-18.4,0.9140679319135786,0.7490968292914655,"{""text"": ""              precision    recall  f1-score   support\n\n           0     0.9478    0.9422    0.9450    152039\n           1     0.7957    0.8126    0.8041     42126\n\n    accuracy                         0.9141    194165\n   macro avg     0.8717    0.8774    0.8745    194165\nweighted avg     0.9148    0.9141    0.9144    194165\n""}",4.816925346235548,59.069012307734106,5.299255787603327,68.95083047923158,9.101852424185784,14.331688397101964
2026-04-06T14:54:26,LSTM,48.0,3.0,DST+3,OMNI2_all,-20.0,-19.8,0.916408700623754,0.7438953606752199,"{""text"": ""              precision    recall  f1-score   support\n\n           0     0.9295    0.9666    0.9477    152039\n           1     0.8592    0.7351    0.7923     42108\n\n    accuracy                         0.9164    194147\n   macro avg     0.8943    0.8509    0.8700    194147\nweighted avg     0.9142    0.9164    0.9140    194147\n""}",4.8777709080082365,58.7609724349048,5.29059939118297,67.73147151385291,7.80305694403419,13.244211115527587
2026-04-06T14:54:26,LSTM+GP,48.0,3.0,DST+3,OMNI2_all,-20.0,-19.8,0.9170422411883778,0.7502513520460903,"{""text"": ""              precision    recall  f1-score   support\n\n           0     0.9386    0.9567    0.9475    152039\n           1     0.8319    0.7739    0.8018     42108\n\n    accuracy                         0.9170    194147\n   macro avg     0.8852    0.8653    0.8747    194147\nweighted avg     0.9154    0.9170    0.9159    194147\n""}",4.823909076332832,56.10653571020232,5.29059939118297,67.73147151385291,8.821123663755357,17.163270697984135
2026-04-06T14:57:53,LSTM,36.0,3.0,DST+3,OMNI2_all,-20.0,-19.5,0.9154610396633688,0.7401998410828161,"{""text"": ""              precision    recall  f1-score   support\n\n           0     0.9269    0.9684    0.9472    152039\n           1     0.8639    0.7244    0.7880     42120\n\n    accuracy                         0.9155    194159\n   macro avg     0.8954    0.8464    0.8676    194159\nweighted avg     0.9133    0.9155    0.9127    194159\n""}",4.939037626523815,60.83185132324847,5.297158514413445,68.72228946378999,6.760622452871502,11.481628743901243
2026-04-06T14:57:53,LSTM+GP,36.0,3.0,DST+3,OMNI2_all,-20.0,-19.5,0.9159297276974028,0.7483546281328455,"{""text"": ""              precision    recall  f1-score   support\n\n           0     0.9402    0.9533    0.9467    152039\n           1     0.8225    0.7810    0.8012     42120\n\n    accuracy                         0.9159    194159\n   macro avg     0.8813    0.8671    0.8740    194159\nweighted avg     0.9146    0.9159    0.9151    194159\n""}",4.84853208320546,58.6003016116781,5.297158514413445,68.72228946378999,8.469190226935494,14.728828057227638
2026-04-06T15:26:58,LSTM,42.0,3.0,DST+3,OMNI2_all,-20.0,-18.7,0.9160816469485406,0.7435362081586143,"{""text"": ""              precision    recall  f1-score   support\n\n           0     0.9307    0.9647    0.9474    152039\n           1     0.8530    0.7407    0.7929     42114\n\n    accuracy                         0.9161    194153\n   macro avg     0.8919    0.8527    0.8702    194153\nweighted avg     0.9139    0.9161    0.9139    194153\n""}",4.963743374006833,59.975971491970725,5.293701359237303,68.09728410068348,6.233029837520133,11.926044798945576
2026-04-06T15:26:58,LSTM+GP,42.0,3.0,DST+3,OMNI2_all,-20.0,-18.7,0.91427379437866,0.7484593023171352,"{""text"": ""              precision    recall  f1-score   support\n\n           0     0.9463    0.9441    0.9452    152039\n           1     0.7998    0.8067    0.8032     42114\n\n    accuracy                         0.9143    194153\n   macro avg     0.8731    0.8754    0.8742    194153\nweighted avg     0.9146    0.9143    0.9144    194153\n""}",4.834118070263822,60.11332720312289,5.293701359237303,68.09728410068348,8.681700341322165,11.72433967521541
2026-04-06T15:31:12,LSTM,18.0,3.0,DST+3,OMNI2_all,-20.0,-18.6,0.91546372639396,0.741940510863991,"{""text"": ""              precision    recall  f1-score   support\n\n           0     0.9309    0.9636    0.9470    152046\n           1     0.8495    0.7418    0.7920     42131\n\n    accuracy                         0.9155    194177\n   macro avg     0.8902    0.8527    0.8695    194177\nweighted avg     0.9132    0.9155    0.9133    194177\n""}",5.019729366670327,62.79655787550298,5.299618389407603,68.96105099986096,5.2813052218381,8.939093930529584
2026-04-06T15:31:12,LSTM+GP,18.0,3.0,DST+3,OMNI2_all,-20.0,-18.6,0.9121471647002476,0.7429955009367927,"{""text"": ""              precision    recall  f1-score   support\n\n           0     0.9459    0.9417    0.9438    152046\n           1     0.7928    0.8057    0.7992     42131\n\n    accuracy                         0.9121    194177\n   macro avg     0.8694    0.8737    0.8715    194177\nweighted avg     0.9127    0.9121    0.9124    194177\n""}",4.962892992868374,62.98206891198095,5.299618389407603,68.96105099986096,6.353766852576494,8.670085506515942
2026-04-06T15:32:50,LSTM,24.0,3.0,DST+3,OMNI2_all,-20.0,-19.6,0.9158010207497516,0.7414323457841095,"{""text"": ""              precision    recall  f1-score   support\n\n           0     0.9275    0.9682    0.9474    152040\n           1     0.8636    0.7267    0.7893     42131\n\n    accuracy                         0.9158    194171\n   macro avg     0.8955    0.8474    0.8683    194171\nweighted avg     0.9136    0.9158    0.9131    194171\n""}",4.920861187351149,61.37188857647363,5.299679148791529,68.9626051264092,7.147941428242129,11.007003775483405
2026-04-06T15:32:50,LSTM+GP,24.0,3.0,DST+3,OMNI2_all,-20.0,-19.6,0.9195142426005944,0.7591209929282335,"{""text"": ""              precision    recall  f1-score   support\n\n           0     0.9424    0.9556    0.9490    152040\n           1     0.8314    0.7891    0.8097     42131\n\n    accuracy                         0.9195    194171\n   macro avg     0.8869    0.8724    0.8793    194171\nweighted avg     0.9183    0.9195    0.9187    194171\n""}",4.912230417782625,60.47470969087037,5.299679148791529,68.9626051264092,7.310795995966151,12.307968093694296
2026-04-06T16:04:23,LSTM,18.0,4.0,DST+4,OMNI2_all,-20.0,-19.5,0.9057448178189778,0.7093078749518881,"{""text"": ""              precision    recall  f1-score   support\n\n           0     0.9202    0.9631    0.9412    152044\n           1     0.8400    0.6987    0.7629     42131\n\n    accuracy                         0.9057    194175\n   macro avg     0.8801    0.8309    0.8520    194175\nweighted avg     0.9028    0.9057    0.9025    194175\n""}",5.511779599336103,77.38576261178493,6.0732741084073645,92.33059868675164,9.245334543586177,16.186222430626483
2026-04-06T16:04:23,LSTM+GP,18.0,4.0,DST+4,OMNI2_all,-20.0,-19.5,0.9048126689841638,0.7134141303260136,"{""text"": ""              precision    recall  f1-score   support\n\n           0     0.9310    0.9488    0.9398    152044\n           1     0.8015    0.7461    0.7728     42131\n\n    accuracy                         0.9048    194175\n   macro avg     0.8662    0.8474    0.8563    194175\nweighted avg     0.9029    0.9048    0.9036    194175\n""}",5.544675178275813,78.8745459401235,6.0732741084073645,92.33059868675164,8.703689652337625,14.573773957948926
2026-04-06T16:32:24,LSTM,6.0,4.0,DST+4,OMNI2_all,-20.0,-19.0,0.903464186583036,0.7056587492460017,"{""text"": ""              precision    recall  f1-score   support\n\n           0     0.9248    0.9543    0.9393    152055\n           1     0.8135    0.7201    0.7640     42132\n\n    accuracy                         0.9035    194187\n   macro avg     0.8692    0.8372    0.8517    194187\nweighted avg     0.9007    0.9035    0.9013    194187\n""}",5.619871484541193,77.04687802881917,6.073218083599829,92.3276120440606,7.464684995963794,16.550556953589542
2026-04-06T16:32:24,LSTM+GP,6.0,4.0,DST+4,OMNI2_all,-20.0,-19.0,0.9031655054148836,0.7121579096651346,"{""text"": ""              precision    recall  f1-score   support\n\n           0     0.9347    0.9421    0.9384    152055\n           1     0.7850    0.7626    0.7736     42132\n\n    accuracy                         0.9032    194187\n   macro avg     0.8599    0.8523    0.8560    194187\nweighted avg     0.9022    0.9032    0.9027    194187\n""}",5.613297863094965,77.98200387927686,6.073218083599829,92.3276120440606,7.5729245051620495,15.53772251570607
2026-04-06T17:52:10,LSTM,12.0,4.0,DST+4,OMNI2_all,-20.0,-19.1,0.904486020774432,0.7071189901852625,"{""text"": ""              precision    recall  f1-score   support\n\n           0     0.9227    0.9583    0.9402    152050\n           1     0.8251    0.7104    0.7634     42131\n\n    accuracy                         0.9045    194181\n   macro avg     0.8739    0.8343    0.8518    194181\nweighted avg     0.9015    0.9045    0.9018    194181\n""}",5.573617180286338,78.26933733977582,6.073318192820101,92.33002713962746,8.227808862781318,15.228729196178136
2026-04-06T17:52:10,LSTM+GP,12.0,4.0,DST+4,OMNI2_all,-20.0,-19.1,0.9042697277282536,0.7136942039155922,"{""text"": ""              precision    recall  f1-score   support\n\n           0     0.9332    0.9454    0.9393    152050\n           1     0.7933    0.7557    0.7740     42131\n\n    accuracy                         0.9043    194181\n   macro avg     0.8632    0.8506    0.8567    194181\nweighted avg     0.9028    0.9043    0.9034    194181\n""}",5.5531246483401135,75.67679578350278,6.073318192820101,92.33002713962746,8.56522790284497,18.03663647898704
2026-04-06T17:58:10,LSTM,24.0,4.0,DST+4,OMNI2_all,-20.0,-19.8,0.9060406141042082,0.710037205128443,"{""text"": ""              precision    recall  f1-score   support\n\n           0     0.9200    0.9638    0.9414    152040\n           1     0.8423    0.6975    0.7631     42129\n\n    accuracy                         0.9060    194169\n   macro avg     0.8812    0.8307    0.8523    194169\nweighted avg     0.9031    0.9060    0.9027    194169\n""}",5.503555663956952,77.75638477355616,6.073116717910686,92.326875041845,9.37839795296538,15.78141820752093
2026-04-06T17:58:10,LSTM+GP,24.0,4.0,DST+4,OMNI2_all,-20.0,-19.8,0.9075393085404982,0.7194800663249212,"{""text"": ""              precision    recall  f1-score   support\n\n           0     0.9294    0.9544    0.9417    152040\n           1     0.8178    0.7384    0.7761     42129\n\n    accuracy                         0.9075    194169\n   macro avg     0.8736    0.8464    0.8589    194169\nweighted avg     0.9052    0.9075    0.9058    194169\n""}",5.564331199232928,78.93730736297323,6.073116717910686,92.326875041845,8.377667387443097,14.502351209009564
2026-04-06T18:00:18,LSTM,30.0,4.0,DST+4,OMNI2_all,-20.0,-18.9,0.9056668881300762,0.7116659799112419,"{""text"": ""              precision    recall  f1-score   support\n\n           0     0.9250    0.9572    0.9408    152039\n           1     0.8232    0.7198    0.7680     42124\n\n    accuracy                         0.9057    194163\n   macro avg     0.8741    0.8385    0.8544    194163\nweighted avg     0.9029    0.9057    0.9033    194163\n""}",5.508388056754262,78.66342726137789,6.072619397104495,92.3102959884221,9.291399698444229,14.78369079084726
2026-04-06T18:00:18,LSTM+GP,30.0,4.0,DST+4,OMNI2_all,-20.0,-18.9,0.906120115572998,0.7190554954146242,"{""text"": ""              precision    recall  f1-score   support\n\n           0     0.9341    0.9469    0.9405    152039\n           1     0.7983    0.7590    0.7782     42124\n\n    accuracy                         0.9061    194163\n   macro avg     0.8662    0.8529    0.8593    194163\nweighted avg     0.9047    0.9061    0.9053    194163\n""}",5.495284192407564,76.36769074361165,6.072619397104495,92.3102959884221,9.507185728982328,17.270668536053694
2026-04-06T18:04:11,LSTM,42.0,4.0,DST+4,OMNI2_all,-20.0,-19.8,0.9053571704498046,0.7072285714641634,"{""text"": ""              precision    recall  f1-score   support\n\n           0     0.9184    0.9649    0.9411    152039\n           1     0.8449    0.6904    0.7599     42112\n\n    accuracy                         0.9054    194151\n   macro avg     0.8816    0.8276    0.8505    194151\nweighted avg     0.9024    0.9054    0.9018    194151\n""}",5.52961983052795,77.55408811058112,6.064588902452215,90.83984115456526,8.821192673223909,14.625469260099484
2026-04-06T18:04:11,LSTM+GP,42.0,4.0,DST+4,OMNI2_all,-20.0,-19.8,0.9068817569829668,0.7177496913463552,"{""text"": ""              precision    recall  f1-score   support\n\n           0     0.9295    0.9534    0.9413    152039\n           1     0.8144    0.7391    0.7749     42112\n\n    accuracy                         0.9069    194151\n   macro avg     0.8720    0.8462    0.8581    194151\nweighted avg     0.9046    0.9069    0.9052    194151\n""}",5.519071444579929,77.80590878262454,6.064588902452215,90.83984115456526,8.995126737307887,14.348255353907218
2026-04-06T18:19:50,LSTM,36.0,4.0,DST+4,OMNI2_all,-20.0,-18.8,0.9056588224993176,0.7109751332641333,"{""text"": ""              precision    recall  f1-score   support\n\n           0     0.9239    0.9585    0.9409    152039\n           1     0.8267    0.7149    0.7668     42118\n\n    accuracy                         0.9057    194157\n   macro avg     0.8753    0.8367    0.8538    194157\nweighted avg     0.9028    0.9057    0.9031    194157\n""}",5.56967517974482,77.81138021931284,6.06810982864383,91.46648330989868,8.214001772779474,14.929078495694249
2026-04-06T18:19:51,LSTM+GP,36.0,4.0,DST+4,OMNI2_all,-20.0,-18.8,0.9028672672115864,0.7127873038991563,"{""text"": ""              precision    recall  f1-score   support\n\n           0     0.9364    0.9398    0.9381    152039\n           1     0.7797    0.7697    0.7747     42118\n\n    accuracy                         0.9029    194157\n   macro avg     0.8581    0.8547    0.8564    194157\nweighted avg     0.9024    0.9029    0.9026    194157\n""}",5.573484416248062,77.98732091766279,6.06810982864383,91.46648330989868,8.151227093170657,14.736723119185632
2026-04-06T18:19:53,LSTM,48.0,4.0,DST+4,OMNI2_all,-20.0,-20.0,0.9066110381415952,0.7109714605493592,"{""text"": ""              precision    recall  f1-score   support\n\n           0     0.9186    0.9663    0.9419    152039\n           1     0.8504    0.6910    0.7624     42106\n\n    accuracy                         0.9066    194145\n   macro avg     0.8845    0.8287    0.8522    194145\nweighted avg     0.9038    0.9066    0.9030    194145\n""}",5.482725033880204,75.09106501525908,6.060897782585181,90.30272734296533,9.539391183369652,16.84518593766619
2026-04-06T18:19:53,LSTM+GP,48.0,4.0,DST+4,OMNI2_all,-20.0,-20.0,0.9071055139200084,0.716743334573773,"{""text"": ""              precision    recall  f1-score   support\n\n           0     0.9270    0.9567    0.9416    152039\n           1     0.8231    0.7281    0.7727     42106\n\n    accuracy                         0.9071    194145\n   macro avg     0.8751    0.8424    0.8572    194145\nweighted avg     0.9045    0.9071    0.9050    194145\n""}",5.452317850685344,73.16143399853456,6.060897782585181,90.30272734296533,10.04108555746434,18.98203282313829
2026-04-06T19:45:27,LSTM,6.0,5.0,DST+5,OMNI2_all,-20.0,-19.9,0.8953008728789557,0.6785781397713895,"{""text"": ""              precision    recall  f1-score   support\n\n           0     0.9171    0.9523    0.9344    152054\n           1     0.8003    0.6895    0.7408     42131\n\n    accuracy                         0.8953    194185\n   macro avg     0.8587    0.8209    0.8376    194185\nweighted avg     0.8918    0.8953    0.8924    194185\n""}",6.1130284976857325,92.41640544485898,6.683641887890413,114.01886345495276,8.537462057004165,18.94638953196424
2026-04-06T19:45:28,LSTM+GP,6.0,5.0,DST+5,OMNI2_all,-20.0,-19.9,0.8954965625563251,0.6824541300350994,"{""text"": ""              precision    recall  f1-score   support\n\n           0     0.9217    0.9470    0.9342    152054\n           1     0.7878    0.7095    0.7466     42131\n\n    accuracy                         0.8955    194185\n   macro avg     0.8547    0.8282    0.8404    194185\nweighted avg     0.8926    0.8955    0.8935    194185\n""}",6.121939915925904,94.8635642607054,6.683641887890413,114.01886345495276,8.404130283853396,16.80011413358399
2026-04-06T19:45:39,LSTM,12.0,5.0,DST+5,OMNI2_all,-20.0,-20.1,0.8964821118658557,0.6779631776748577,"{""text"": ""              precision    recall  f1-score   support\n\n           0     0.9109    0.9618    0.9357    152048\n           1     0.8275    0.6606    0.7347     42131\n\n    accuracy                         0.8965    194179\n   macro avg     0.8692    0.8112    0.8352    194179\nweighted avg     0.8928    0.8965    0.8921    194179\n""}",6.031570305780735,93.6279700686898,6.683663011963189,114.0204811024879,9.756516823413492,17.88495438417611
2026-04-06T19:45:39,LSTM+GP,12.0,5.0,DST+5,OMNI2_all,-20.0,-20.1,0.8978880311465195,0.6872395319977896,"{""text"": ""              precision    recall  f1-score   support\n\n           0     0.9196    0.9529    0.9360    152048\n           1     0.8044    0.6994    0.7483     42131\n\n    accuracy                         0.8979    194179\n   macro avg     0.8620    0.8262    0.8421    194179\nweighted avg     0.8946    0.8979    0.8952    194179\n""}",6.0534699616972985,91.72023315564924,6.683663011963189,114.0204811024879,9.428857336731346,19.558107220047564
2026-04-06T19:50:36,LSTM,18.0,5.0,DST+5,OMNI2_all,-20.0,-19.5,0.8980136270233245,0.6841193804639274,"{""text"": ""              precision    recall  f1-score   support\n\n           0     0.9141    0.9599    0.9365    152042\n           1     0.8234    0.6746    0.7416     42131\n\n    accuracy                         0.8980    194173\n   macro avg     0.8688    0.8173    0.8391    194173\nweighted avg     0.8945    0.8980    0.8942    194173\n""}",6.077726836487925,96.95046179405313,6.683684137341443,114.02207824980816,9.066216900766769,14.972202504810737
2026-04-06T19:50:36,LSTM+GP,18.0,5.0,DST+5,OMNI2_all,-20.0,-19.5,0.8967930659772471,0.6869633067026023,"{""text"": ""              precision    recall  f1-score   support\n\n           0     0.9231    0.9470    0.9349    152042\n           1     0.7892    0.7155    0.7505     42131\n\n    accuracy                         0.8968    194173\n   macro avg     0.8562    0.8312    0.8427    194173\nweighted avg     0.8941    0.8968    0.8949    194173\n""}",6.059467378917343,94.37704300085224,6.683684137341443,114.02207824980816,9.339411402412468,17.229150310623247
2026-04-06T19:50:53,LSTM,24.0,5.0,DST+5,OMNI2_all,-20.0,-20.3,0.8982061833370243,0.6845205559955724,"{""text"": ""              precision    recall  f1-score   support\n\n           0     0.9139    0.9605    0.9366    152039\n           1     0.8252    0.6734    0.7417     42128\n\n    accuracy                         0.8982    194167\n   macro avg     0.8696    0.8170    0.8391    194167\nweighted avg     0.8947    0.8982    0.8943    194167\n""}",5.964302983441443,94.07815188922804,6.683360200239999,114.01402916046496,10.758917599155213,17.485459831595698
2026-04-06T19:50:53,LSTM+GP,24.0,5.0,DST+5,OMNI2_all,-20.0,-20.3,0.8987160537063456,0.6889729123098467,"{""text"": ""              precision    recall  f1-score   support\n\n           0     0.9189    0.9549    0.9366    152039\n           1     0.8106    0.6958    0.7488     42128\n\n    accuracy                         0.8987    194167\n   macro avg     0.8647    0.8254    0.8427    194167\nweighted avg     0.8954    0.8987    0.8958    194167\n""}",6.0214587407026015,95.32765387559482,6.683360200239999,114.01402916046496,9.903722674017017,16.389540324525036
2026-04-06T20:12:38,LSTM,30.0,5.0,DST+5,OMNI2_all,-20.0,-19.4,0.8978064595876618,0.6823239899566071,"{""text"": ""              precision    recall  f1-score   support\n\n           0     0.9120    0.9623    0.9365    152039\n           1     0.8302    0.6649    0.7384     42122\n\n    accuracy                         0.8978    194161\n   macro avg     0.8711    0.8136    0.8375    194161\nweighted avg     0.8943    0.8978    0.8935    194161\n""}",5.988409061337826,92.82225324405542,6.681944365758314,113.88469878090862,10.379243921492607,18.49453505371528
2026-04-06T20:12:38,LSTM+GP,30.0,5.0,DST+5,OMNI2_all,-20.0,-19.4,0.8974665355040404,0.6871391437532536,"{""text"": ""              precision    recall  f1-score   support\n\n           0     0.9211    0.9505    0.9356    152039\n           1     0.7980    0.7061    0.7493     42122\n\n    accuracy                         0.8975    194161\n   macro avg     0.8595    0.8283    0.8424    194161\nweighted avg     0.8944    0.8975    0.8951    194161\n""}",6.050676279325804,93.85514283916696,6.681944365758314,113.88469878090862,9.447371182367943,17.587574236179442
2026-04-06T20:15:17,LSTM,36.0,5.0,DST+5,OMNI2_all,-20.0,-20.3,0.898478020138549,0.6838518977747343,"{""text"": ""              precision    recall  f1-score   support\n\n           0     0.9112    0.9643    0.9370    152039\n           1     0.8367    0.6609    0.7385     42116\n\n    accuracy                         0.8985    194155\n   macro avg     0.8740    0.8126    0.8378    194155\nweighted avg     0.8951    0.8985    0.8940    194155\n""}",5.920947604906991,88.83811975323586,6.675197651361026,112.18500167392033,11.299291584276142,20.811054572646963
2026-04-06T20:15:17,LSTM+GP,36.0,5.0,DST+5,OMNI2_all,-20.0,-20.3,0.8986788905771163,0.6904545881255049,"{""text"": ""              precision    recall  f1-score   support\n\n           0     0.9213    0.9519    0.9364    152039\n           1     0.8028    0.7065    0.7515     42116\n\n    accuracy                         0.8987    194155\n   macro avg     0.8620    0.8292    0.8440    194155\nweighted avg     0.8956    0.8987    0.8963    194155\n""}",5.9799411200150026,91.38170229357584,6.675197651361026,112.18500167392033,10.415519774223702,18.54374387835895
2026-04-06T20:17:48,LSTM,42.0,5.0,DST+5,OMNI2_all,-20.0,-18.8,0.8976301706421357,0.6845131091466368,"{""text"": ""              precision    recall  f1-score   support\n\n           0     0.9167    0.9561    0.9360    152039\n           1     0.8125    0.6864    0.7441     42110\n\n    accuracy                         0.8976    194149\n   macro avg     0.8646    0.8213    0.8401    194149\nweighted avg     0.8941    0.8976    0.8944    194149\n""}",6.033438670383265,92.13434129903032,6.671365806674255,111.56487543072588,9.562166950173635,17.416354436536427
2026-04-06T20:17:48,LSTM+GP,42.0,5.0,DST+5,OMNI2_all,-20.0,-18.8,0.8955492946139305,0.6898638185793919,"{""text"": ""              precision    recall  f1-score   support\n\n           0     0.9304    0.9367    0.9335    152039\n           1     0.7657    0.7470    0.7562     42110\n\n    accuracy                         0.8955    194149\n   macro avg     0.8481    0.8418    0.8449    194149\nweighted avg     0.8947    0.8955    0.8951    194149\n""}",6.028931317321113,95.42919902708545,6.671365806674255,111.56487543072588,9.629729623136974,14.46304344565831
2026-04-06T20:20:16,LSTM,48.0,5.0,DST+5,OMNI2_all,-20.0,-20.7,0.89840478410244,0.6829536282015142,"{""text"": ""              precision    recall  f1-score   support\n\n           0     0.9099    0.9659    0.9371    152039\n           1     0.8417    0.6547    0.7365     42104\n\n    accuracy                         0.8984    194143\n   macro avg     0.8758    0.8103    0.8368    194143\nweighted avg     0.8951    0.8984    0.8936    194143\n""}",5.962757073309259,92.33119956626656,6.6680333568555135,111.0601978953658,10.576975935807948,16.86382582060997
2026-04-06T20:20:16,LSTM+GP,48.0,5.0,DST+5,OMNI2_all,-20.0,-20.7,0.8984665942114833,0.6857011866379443,"{""text"": ""              precision    recall  f1-score   support\n\n           0     0.9149    0.9596    0.9367    152039\n           1     0.8229    0.6777    0.7433     42104\n\n    accuracy                         0.8985    194143\n   macro avg     0.8689    0.8186    0.8400    194143\nweighted avg     0.8949    0.8985    0.8948    194143\n""}",5.951892941332747,89.2568270433627,6.6680333568555135,111.0601978953658,10.739904514522127,19.6320295345997
2026-04-06T21:01:10,LSTM,6.0,6.0,DST+6,OMNI2_all,-20.0,-19.7,0.888759572156162,0.6571769907162123,"{""text"": ""              precision    recall  f1-score   support\n\n           0     0.9118    0.9498    0.9304    152052\n           1     0.7868    0.6684    0.7228     42131\n\n    accuracy                         0.8888    194183\n   macro avg     0.8493    0.8091    0.8266    194183\nweighted avg     0.8847    0.8888    0.8854    194183\n""}",6.495072266803465,106.7898759211098,7.203962241802835,135.01382201325555,9.840278879945464,20.90448642315655
2026-04-06T21:01:10,LSTM+GP,6.0,6.0,DST+6,OMNI2_all,-20.0,-19.7,0.8879356071334772,0.6590772035326452,"{""text"": ""              precision    recall  f1-score   support\n\n           0     0.9167    0.9426    0.9294    152052\n           1     0.7692    0.6908    0.7279     42131\n\n    accuracy                         0.8879    194183\n   macro avg     0.8429    0.8167    0.8287    194183\nweighted avg     0.8847    0.8879    0.8857    194183\n""}",6.529449887553505,110.00239588500844,7.203962241802835,135.01382201325555,9.363074536056,18.52508562107924
2026-04-06T21:03:31,LSTM,12.0,6.0,DST+6,OMNI2_all,-20.0,-20.6,0.8901826683901801,0.6570352692141966,"{""text"": ""              precision    recall  f1-score   support\n\n           0     0.9059    0.9594    0.9319    152046\n           1     0.8137    0.6405    0.7168     42131\n\n    accuracy                         0.8902    194177\n   macro avg     0.8598    0.7999    0.8243    194177\nweighted avg     0.8859    0.8902    0.8852    194177\n""}",6.388097211981011,107.72982936621293,7.203880995174505,135.01415718648448,11.32422625720698,20.208493974884327
2026-04-06T21:03:32,LSTM+GP,12.0,6.0,DST+6,OMNI2_all,-20.0,-20.6,0.8912641558989993,0.6634147858235464,"{""text"": ""              precision    recall  f1-score   support\n\n           0     0.9111    0.9543    0.9322    152046\n           1     0.8009    0.6639    0.7260     42131\n\n    accuracy                         0.8913    194177\n   macro avg     0.8560    0.8091    0.8291    194177\nweighted avg     0.8872    0.8913    0.8874    194177\n""}",6.435716996802835,105.83246579266776,7.203880995174505,135.01415718648448,10.663196669770391,21.613801101991363
2026-04-06T21:07:06,LSTM,18.0,6.0,DST+6,OMNI2_all,-20.0,-17.9,0.890977540415407,0.6630674298689879,"{""text"": ""              precision    recall  f1-score   support\n\n           0     0.9117    0.9531    0.9319    152040\n           1     0.7975    0.6668    0.7263     42131\n\n    accuracy                         0.8910    194171\n   macro avg     0.8546    0.8100    0.8291    194171\nweighted avg     0.8869    0.8910    0.8873    194171\n""}",6.402649751718885,108.63107080432576,7.203913045717434,135.01637731690107,11.12261195982762,19.54230074670538
2026-04-06T21:07:06,LSTM+GP,18.0,6.0,DST+6,OMNI2_all,-20.0,-17.9,0.886672057104305,0.6694176963186522,"{""text"": ""              precision    recall  f1-score   support\n\n           0     0.9305    0.9243    0.9274    152040\n           1     0.7333    0.7508    0.7419     42131\n\n    accuracy                         0.8867    194171\n   macro avg     0.8319    0.8376    0.8347    194171\nweighted avg     0.8877    0.8867    0.8872    194171\n""}",6.342764705689458,105.35061279202932,7.203913045717434,135.01637731690107,11.953896924670822,21.971974892529023
2026-04-06T21:07:43,LSTM,24.0,6.0,DST+6,OMNI2_all,-20.0,-19.1,0.8908608657585043,0.6578037945492714,"{""text"": ""              precision    recall  f1-score   support\n\n           0     0.9039    0.9631    0.9325    152039\n           1     0.8254    0.6303    0.7148     42126\n\n    accuracy                         0.8909    194165\n   macro avg     0.8646    0.7967    0.8236    194165\nweighted avg     0.8868    0.8909    0.8853    194165\n""}",6.421973841270859,111.71110753843922,7.203239512785517,134.9898230886102,10.84603212385118,17.244792990720736
2026-04-06T21:07:43,LSTM+GP,24.0,6.0,DST+6,OMNI2_all,-20.0,-19.1,0.889377591223959,0.6653630478433551,"{""text"": ""              precision    recall  f1-score   support\n\n           0     0.9197    0.9408    0.9302    152039\n           1     0.7672    0.7036    0.7340     42126\n\n    accuracy                         0.8894    194165\n   macro avg     0.8435    0.8222    0.8321    194165\nweighted avg     0.8866    0.8894    0.8876    194165\n""}",6.462986071270185,112.44488308649888,7.203239512785517,134.9898230886102,10.276673990937075,16.701214570310487
2026-04-06T21:29:46,LSTM,30.0,6.0,DST+6,OMNI2_all,-20.0,-18.7,0.8918000195715883,0.66393491973628,"{""text"": ""              precision    recall  f1-score   support\n\n           0     0.9097    0.9568    0.9327    152039\n           1     0.8081    0.6573    0.7250     42120\n\n    accuracy                         0.8918    194159\n   macro avg     0.8589    0.8070    0.8288    194159\nweighted avg     0.8877    0.8918    0.8876    194159\n""}",6.467283463194922,108.3054442600359,7.200598478566536,134.63051931664253,10.184084247363833,19.55357164945024
2026-04-06T21:29:46,LSTM+GP,30.0,6.0,DST+6,OMNI2_all,-20.0,-18.7,0.8887561225593457,0.6701420762884717,"{""text"": ""              precision    recall  f1-score   support\n\n           0     0.9265    0.9319    0.9292    152039\n           1     0.7488    0.7332    0.7409     42120\n\n    accuracy                         0.8888    194159\n   macro avg     0.8376    0.8325    0.8350    194159\nweighted avg     0.8880    0.8888    0.8883    194159\n""}",6.323218283199856,103.52488198459884,7.200598478566536,134.63051931664253,12.184823219601949,23.10444726049461
2026-04-06T21:36:38,LSTM,36.0,6.0,DST+6,OMNI2_all,-20.0,-18.9,0.8917966758175253,0.6647436839102786,"{""text"": ""              precision    recall  f1-score   support\n\n           0     0.9110    0.9551    0.9325    152039\n           1     0.8037    0.6632    0.7267     42114\n\n    accuracy                         0.8918    194153\n   macro avg     0.8573    0.8091    0.8296    194153\nweighted avg     0.8877    0.8918    0.8879    194153\n""}",6.3878347917074665,105.51078218914472,7.192497669363852,132.30585672124562,11.187530599889016,20.2523721898081
2026-04-06T21:36:38,LSTM+GP,36.0,6.0,DST+6,OMNI2_all,-20.0,-18.9,0.8886599743501259,0.6690892222813194,"{""text"": ""              precision    recall  f1-score   support\n\n           0     0.9257    0.9327    0.9292    152039\n           1     0.7502    0.7297    0.7398     42114\n\n    accuracy                         0.8887    194153\n   macro avg     0.8379    0.8312    0.8345    194153\nweighted avg     0.8876    0.8887    0.8881    194153\n""}",6.38592176402261,103.5960866640065,7.192497669363852,132.30585672124562,11.214128143229276,21.69954586192473
2026-04-06T21:36:55,LSTM,42.0,6.0,DST+6,OMNI2_all,-20.0,-18.7,0.8914533832611372,0.6614162047219119,"{""text"": ""              precision    recall  f1-score   support\n\n           0     0.9074    0.9593    0.9326    152039\n           1     0.8148    0.6464    0.7209     42108\n\n    accuracy                         0.8915    194147\n   macro avg     0.8611    0.8029    0.8268    194147\nweighted avg     0.8873    0.8915    0.8867    194147\n""}",6.421012758862413,106.2391716154843,7.188125492539158,131.44947385228718,10.671944089915543,19.178701517765138
2026-04-06T21:36:55,LSTM+GP,42.0,6.0,DST+6,OMNI2_all,-20.0,-18.7,0.8890788938278726,0.6700564818466735,"{""text"": ""              precision    recall  f1-score   support\n\n           0     0.9257    0.9333    0.9295    152039\n           1     0.7517    0.7295    0.7404     42108\n\n    accuracy                         0.8891    194147\n   macro avg     0.8387    0.8314    0.8350    194147\nweighted avg     0.8880    0.8891    0.8885    194147\n""}",6.39117421538485,108.16344676671147,7.188125492539158,131.44947385228718,11.0870529177808,17.714811937355297
2026-04-06T21:42:54,LSTM,48.0,6.0,DST+6,OMNI2_all,-20.0,-18.8,0.8922999263421946,0.6646309629680727,"{""text"": ""              precision    recall  f1-score   support\n\n           0     0.9088    0.9587    0.9331    152039\n           1     0.8140    0.6524    0.7243     42102\n\n    accuracy                         0.8923    194141\n   macro avg     0.8614    0.8056    0.8287    194141\nweighted avg     0.8882    0.8923    0.8878    194141\n""}",6.314720341235745,104.02259068958278,7.185324068589324,131.10140567937736,12.116415613868096,20.65486243222956
2026-04-06T21:42:54,LSTM+GP,48.0,6.0,DST+6,OMNI2_all,-20.0,-18.8,0.8906258853101612,0.6717685963404796,"{""text"": ""              precision    recall  f1-score   support\n\n           0     0.9236    0.9380    0.9307    152039\n           1     0.7626    0.7197    0.7405     42102\n\n    accuracy                         0.8906    194141\n   macro avg     0.8431    0.8288    0.8356    194141\nweighted avg     0.8887    0.8906    0.8895    194141\n""}",6.262290205280276,101.12153711392315,7.185324068589324,131.10140567937736,12.846099278167495,22.867694217385598
